gender_1,gender_2,gender_3,engnat_1,engnat_2,hand_1,hand_2,hand_3,religion_group_Atheist/Agnostic,religion_group_Christian,religion_group_Muslim,religion_group_Other Religion,orientation_1,orientation_2,orientation_3,orientation_4,orientation_5,race_group_Asian,race_group_Other,race_group_White,voted_1,voted_2,married_1,married_2,married_3,Q1A,Q2A,Q4A,Q6A,Q7A,Q8A,Q9A,Q11A,Q12A,Q14A,Q15A,Q18A,Q19A,Q20A,Q22A,Q23A,Q25A,Q27A,Q28A,Q29A,Q30A,Q32A,Q33A,Q35A,Q36A,Q39A,Q40A,Q41A,TIPI1,TIPI2,TIPI3,TIPI4,TIPI5,TIPI6,TIPI7,TIPI8,TIPI9,TIPI10,education,urban,familysize,age_group
0.0,1.0,0.0,0.0,1.0,1.0,0.0,0.0,0.0,0.0,1.0,0.0,1.0,0.0,0.0,0.0,0.0,1.0,0.0,0.0,0.0,1.0,1.0,0.0,0.0,-1.5703015028821494,-0.1374692541631937,1.0419927639756335,-1.4643811172061139,1.0820893090850718,-0.4347273069670904,0.32004338330411436,-1.7188917874089733,0.5637538389534746,-0.5288642582490599,-0.8302025428967854,0.49387327018451216,0.07384298329080499,-1.172766147467095,-0.30991560533702095,-0.6338645160453271,-1.0844379079292208,-1.5359014369857553,0.7633880015634366,0.34155996706600195,-0.35605834106931744,0.5626602956305596,-0.37143945962468333,-0.28766025569060377,-0.22521824694979112,-0.42848095471768055,0.3224701473829647,-0.9050853796102564,0.6337544936796711,-1.2285959081213946,-0.9954265339571723,-0.1066207184110466,0.6260123793278164,0.0689352013749914,-0.20384714734463016,-0.6709919575506756,1.2994226948303558,-0.4291944781455784,0.5232031580802877,0.9785362812585158,0.786326567508699,1.1334078742606168
